all,1
lspace,0
webkit,0
manager,0
edu,1
alt,0
tr,0
thursday,1
mlokay,1
td,0
sent,1
risk,1
very,1
sans,0
list,1
wednesday,1
adjust,0
team,1
div,0
za,0
click,1
bold,0
what,1
power,1
schedule,1
shares,1
business,1
version,1
reply,0
net,1
body,0
million,1
spacing,0
here,1
beck,1
let,1
free,1
strong,0
enron,1
lokay,1
sender,0
louise,1
credit,1
mime,1
york,1
family,0
href,0
org,0
gateway,0
market,1
use,1
from,1
would,1
to,1
helvetica,0
two,1
next,1
mso,0
call,1
https,0
type,1
today,1
more,1
on,1
company,1
flag,0
me,1
none,0
kaminski,1
word,0
hour,1
ers,0
this,1
work,1
can,1
ms,0
following,1
my,1
charset,1
tbody,0
how,1
hou,1
stock,1
may,1
max,0
after,1
them,1
date,1
data,0
postfix,0
so,1
houston,1
help,1
office,1
over,1
through,1
nbsp,0
its,1
style,0
arial,0
img,0
li,0
mail,1
into,1
non,1
good,1
auto,0
break,0
they,1
not,1
nov,1
now,1
day,1
term,1
feeds,0
em,0
week,1
financial,1
weight,0
companies,1
energy,1
ef,0
group,1
trading,1
year,1
eu,0
our,1
rev,0
research,1
content,1
re,1
ref,0
mims,1
ect,1
could,1
david,1
filter,0
davis,1
think,1
first,1
origin,1
encoding,1
number,1
one,1
pmims,1
message,1
size,0
service,1
start,1
unknown,0
top,0
system,1
their,1
checker,0
just,1
john,1
final,1
williams,1
collapse,0
that,1
et,1
exactly,0
albert,1
padding,0
regards,1
review,1
shirley,1
than,1
png,0
target,0
project,1
were,1
are,1
and,1
craig,1
mailer,0
have,1
need,1
border,0
any,1
kevin,1
these,1
min,0
also,1
cnmsg,0
take,1
which,1
new,1
subject,1
pete,1
normal,0
printable,0
price,1
who,1
said,1
services,1
iimjobs,0
class,0
michelle,1
don,1
hourahead,1
face,0
dow,1
loopcount,0
text,1
font,0
vkamins,1
stinson,1
based,1
quoted,0
copyright,1
title,0
should,1
jan,1
only,1
folder,1
local,0
oct,1
do,1
his,1
get,1
report,1
mon,1
sep,0
see,1
multipart,0
pcsl,0
gmail,0
please,1
filename,1
score,0
boundary,0
email,1
we,1
vertical,0
screen,0
tue,1
kitchen,1
received,0
last,1
pdt,1
com,1
co,1
cn,1
cc,1
height,0
news,1
table,0
fri,1
been,1
mark,1
bgcolor,0
meeting,1
pm,1
mike,1
vince,1
gas,1
prices,1
crenshaw,1
solid,0
plain,1
align,0
bill,1
will,1
margin,0
is,1
it,1
jpg,0
in,1
ascii,1
id,0
if,1
media,0
make,1
html,0
isspam,0
status,0
php,0
hyphens,0
off,1
center,0
database,1
thu,1
well,1
contact,1
endif,0
the,1
left,0
thanks,1
questions,1
yes,0
wed,1
had,1
color,0
rgb,0
other,1
valign,0
ffffff,0
has,1
tests,0
know,1
schedules,1
amp,0
pst,1
like,1
patrice,1
www,1
google,0
dean,1
deal,1
some,1
back,1
images,0
delivered,0
rspace,0
bottom,0
sally,1
per,1
localhost,0
bd,0
be,1
bf,0
ba,0
bb,0
bc,0
corp,1
br,0
by,1
src,0
about,1
of,1
http,1
ou,1
or,1
block,0
image,0
nsf,1
right,0
your,1
span,0
forwarded,1
spam,0
transfer,1
there,1
width,0
forward,1
yrs,0
was,1
billion,1
head,0
but,1
serif,0
link,0
line,0
with,1
he,1
dynegy,1
utf,0
friday,1
markets,1
attached,1
up,1
us,1
below,1
meyers,1
display,0
aa,0
ae,0
ad,0
af,0
am,1
an,1
as,1
at,1
portland,1
inc,1
no,1
na,1
when,1
you,1
out,1
monday,1
time,1
important,0
jones,1
for,1
required,0
rule,0
bcc,1
safeplus,0